Driver,Age,Year,Series,Team,AVG Finish,TAAF Delta,AF YoY Change,TAAF Delta YoY Change,Advanced to Indy NXT,Advanced to IndyCar,Series-Adj AVG Finish,Series-Adj TAAF Delta,Prospect Score,Age Adjustment,Age-Adjusted Score
Vilho Aatola,16,2025,USF Juniors,DEForce Racing,7.63,-2.18,,,,,9.26,-0.83,47.6,0.0,47.6
Jacob Abel,17,2019,USF Pro 2000,Abel Motorsports,8.0,2.5004,,,Yes,Yes,8.00,2.50,57.9,1.5,59.4
Jacob Abel,19,2021,USF Pro 2000,Abel Motorsports,6.61,0.0,,,Yes,Yes,6.61,0.00,57.9,0.0,57.9
Matan Achituv,14,2025,USF Juniors,Velocity Racing Development,14.38,6.71,,,,,16.01,8.06,18.0,5.0,23.0
Logan Adams,19,2025,USF Pro 2000,Comet,12.67,0.00,0.54,0.0,,,12.67,0.00,42.5,0.0,42.5
Logan Adams,18,2024,USF Pro 2000,Comet,12.13,0.00,,,,,12.13,0.00,42.5,0.0,42.5
Enaam Ahmed,21,2021,USF Pro 2000,RP Motorsport,6.89,-1.5829,,,Yes,,6.89,-1.58,76.3,0.0,76.3
Enaam Ahmed,22,2022,USF Pro 2000,Juncos Racing,5.28,0.29,-1.61,1.8729,Yes,,5.28,0.29,76.3,0.0,76.3
Salvador de Alba,23,2023,USF Pro 2000,Exclusive Autosport,7.61,-2.27,0.08,-2.17,Yes,,7.61,-2.27,69.6,0.0,69.6
Salvador de Alba,22,2022,USF Pro 2000,Jay Howard Driver Development,7.53,-0.10,,,Yes,,7.53,-0.10,69.6,0.0,69.6
Neil Alberico,22,2015,USF Pro 2000,Cape Motorsports,6.44,-1.5241,,,Yes,,6.44,-1.52,77.9,0.0,77.9
Jeshua Alianell,20,2025,USF2000,DEForce Racing,11.89,-0.09,-3.19,-2.27,,,11.76,1.04,32.6,0.0,32.6
Jeshua Alianell,19,2024,USF Juniors,DEForce Racing,15.08,2.18,,,,,16.71,3.53,32.6,0.0,32.6
Viktor Andersson,18,2022,USF2000,Velocity Racing Development,14.36,1.74,,,,,14.23,2.87,18.9,0.0,18.9
Nate Aranda,19,2020,USF Pro 2000,Juncos Racing,10.1,6.2216,,,,,10.10,6.22,28.0,0.0,28.0
G3 Argyros,15,2025,USF2000,Pabst Racing,6.89,-0.37,-4.71,-1.23,,,6.76,0.76,48.8,11.2,60.0
G3 Argyros,14,2024,USF Juniors,Jay Howard Driver Development,12.38,-0.21,,,,,14.01,1.14,48.8,5.0,53.8
G3 Argyros,14,2024,USF2000,Jay Howard Driver Development,11.60,0.86,,,,,11.47,1.99,48.8,20.0,68.8
Quinn Armstrong,15,2023,USF Juniors,DEForce Racing,5.06,-1.07,-5.69,-2.56,,,6.69,0.28,54.5,0.0,54.5
Quinn Armstrong,16,2024,USF2000,DEForce Racing,11.72,-0.29,6.66,0.78,,,11.59,0.84,54.5,5.0,59.5
Quinn Armstrong,14,2022,USF Juniors,DEForce Racing,10.75,1.49,,,,,12.38,2.84,54.5,5.0,59.5
Oliver Askew,20,2017,USF2000,Cape Motorsports,3.5,-2.1,,,Yes,Yes,3.37,-0.97,92.4,0.0,90.0
Oliver Askew,21,2018,USF Pro 2000,Cape Motorsports,5.19,-1.2201,1.69,0.8799,Yes,Yes,5.19,-1.22,92.4,0.0,90.0
Connor Aspley,19,2025,USF Juniors,Pole Position,14.50,0.00,,,,,16.13,1.35,29.0,0.0,29.0
Nicolás Baptiste,18,2024,USF Pro 2000,BN Racing,11.36,0.35,,,,,11.36,0.35,45.7,0.0,45.7
Ethan Barker,16,2022,USF Juniors,Barker,11.83,0.00,,,,,13.46,1.35,25.2,0.0,25.2
Ethan Barker,17,2023,USF Juniors,Velocity Racing Development,7.25,0.42,-4.58,0.42,,,8.88,1.77,25.2,0.0,25.2
Eduardo Barrichello,17,2019,USF2000,DEForce Racing,11.33,1.8158,,,,,11.20,2.95,59.1,1.2,60.3
Eduardo Barrichello,18,2020,USF2000,Pabst Racing,4.65,-1.9817,-6.68,-3.7975,,,4.52,-0.85,59.1,0.0,59.1
Cooper Becklin,20,2025,USF Pro 2000,Turn 3 Motorsport,10.67,-0.07,-0.44,-3.13,,,10.67,-0.07,39.9,0.0,39.9
Cooper Becklin,19,2024,USF Pro 2000,TJ Speed,11.11,3.06,,,,,11.11,3.06,39.9,0.0,39.9
Eddie Beswick,19,2025,USF2000,Synergy,10.72,-0.80,,,,,10.59,0.33,35.8,0.0,35.8
Christian Bogle,17,2019,USF2000,Jay Howard Driver Development,15.0,4.8107,,,Yes,,14.87,5.94,13.0,1.2,14.2
Christian Bogle,18,2020,USF2000,Jay Howard Driver Development,12.71,0.9501,-2.29,-3.8606,Yes,,12.58,2.08,13.0,0.0,13.0
Jake Bonilla,20,2022,USF Juniors,DEForce Racing,11.13,1.99,,,,,12.76,3.34,18.0,0.0,18.0
Wian Boshoff,15,2025,USF2000,Sarah Fisher Hartman Racing,14.00,1.47,,,,,13.87,2.60,20.7,11.2,31.9
Lindsay Brewer,25,2023,USF Pro 2000,Exclusive Autosport,15.22,6.15,2.77,-0.78,Yes,,15.22,6.15,19.4,-1.5,17.9
Lindsay Brewer,24,2022,USF Pro 2000,Exclusive Autosport,12.45,6.93,,,Yes,,12.45,6.93,19.4,0.0,19.4
Wyatt Brichacek,19,2020,USF2000,Jay Howard Driver Development,14.47,3.2351,,,,,14.34,4.37,25.3,0.0,25.3
Wyatt Brichacek,20,2021,USF Pro 2000,Jay Howard Driver Development,9.89,4.0832,-4.58,0.8481,,,9.89,4.08,25.3,0.0,25.3
Joey Brienza,19,2024,USF2000,Exclusive Autosport,7.44,-2.32,1.06,-0.75,,,7.31,-1.19,70.7,0.0,70.7
Joey Brienza,18,2023,USF Juniors,Exclusive Autosport,6.38,-1.57,,,,,8.01,-0.22,70.7,0.0,70.7
Joey Brienza,20,2025,USF Pro 2000,Exclusive Autosport,11.00,0.55,3.56,2.87,,,11.00,0.55,70.7,0.0,70.7
Christian Brooks,19,2020,USF2000,Exclusive Autosport,6.76,-2.7148,,,Yes,,6.63,-1.58,74.0,0.0,74.0
Christian Brooks,20,2021,USF2000,Exclusive Autosport,7.0,-2.9403,0.24,-0.2255,Yes,,6.87,-1.81,74.0,0.0,74.0
Christian Brooks,23,2024,USF Pro 2000,Pabst Racing,6.64,-0.45,,,Yes,,6.64,-0.45,74.0,0.0,74.0
Jonathan Browne,22,2023,USF Pro 2000,Turn 3 Motorsport,9.39,-0.73,-1.08,-2.63,Yes,,9.39,-0.73,47.5,0.0,47.5
Jonathan Browne,21,2022,USF Pro 2000,Turn 3 Motorsport,10.47,1.90,,,,,10.47,1.90,47.5,0.0,47.5
Timothé Buret,19,2015,USF Pro 2000,Juncos Racing,6.44,-0.5025,,,,,6.44,-0.50,71.1,0.0,71.1
Trey Burke,16,2021,USF2000,Joe Dooling Autosports,19.33,0.0,,,,,19.20,1.13,21.5,5.0,26.5
Trey Burke,17,2022,USF2000,Joe Dooling Autosports,15.40,0.00,-3.93,0.0,,,15.27,1.13,21.5,1.2,22.7
Daniel Burkett,20,2015,USF Pro 2000,Cape Motorsports,9.81,1.5969,,,,,9.81,1.60,38.3,0.0,38.3
Giovanni Cabrera,15,2023,USF Juniors,Exclusive Autosport,12.25,5.51,,,,,13.88,6.86,18.0,0.0,18.0
Christian Cameron,14,2025,USF2000,Velocity Racing Development,10.76,2.40,-2.68,-1.21,,,10.63,3.53,21.1,20.0,41.1
Christian Cameron,13,2024,USF Juniors,Velocity Racing Development,13.44,3.61,,,,,15.07,4.96,21.1,0.0,21.1
Prescott Campbell,19,2020,USF2000,Exclusive Autosport,11.82,0.5476,,,,,11.69,1.68,20.0,0.0,20.0
Prescott Campbell,20,2021,USF2000,DEForce Racing,12.33,1.832,0.51,1.2844,,,12.20,2.96,20.0,0.0,20.0
Jordan Cane,14,2016,USF2000,Cape Motorsports,12.85,9.5547,,,,,12.72,10.69,18.0,20.0,38.0
Timothy Carel,17,2024,USF Juniors,Jay Howard Driver Development,12.07,-0.50,,,,,13.70,0.85,38.9,0.0,38.9
Timothy Carel,18,2025,USF2000,Jay Howard Driver Development,12.63,3.41,0.56,3.91,,,12.50,4.54,38.9,0.0,38.9
Giorgio Carrara,21,2022,USF Juniors,InterMS,8.00,-0.70,,,,,9.63,0.65,35.7,-1.5,34.2
Andre Castro,23,2022,USF Juniors,InterMS,7.31,-1.22,,,,,8.94,0.13,43.0,-13.5,29.5
Sam Chastain,23,2016,USF2000,Chastain Motorsports,16.73,2.3949,,,,,16.60,3.53,18.0,-1.5,16.5
Dylan Christie,17,2021,USF2000,Turn 3 Motorsport,15.5,4.0114,,,,,15.37,5.14,7.3,1.2,8.5
Dylan Christie,18,2022,USF2000,DEForce Racing,11.83,1.98,-3.67,-2.0314,,,11.70,3.11,7.3,0.0,7.3
Mac Clark,20,2025,USF Pro 2000,Exclusive Autosport,5.72,-2.60,-4.59,-1.96,,,5.72,-2.60,83.8,0.0,83.8
Mac Clark,18,2023,USF2000,DEForce Racing,7.17,-2.45,3.73,-0.26,,,7.04,-1.32,83.8,0.0,83.8
Mac Clark,17,2022,USF Juniors,DEForce Racing,3.44,-2.19,,,,,5.07,-0.84,83.8,0.0,83.8
Mac Clark,19,2024,USF Pro 2000,DEForce Racing,10.31,-0.64,3.14,1.81,,,10.31,-0.64,83.8,0.0,83.8
Jayson Clunie,47,2017,USF2000,Exclusive Autosport,14.0,3.994,,,,,13.87,5.12,18.0,-25,0
Maddie Colleran,15,2025,USF Juniors,Zanella,16.69,14.02,,,,,18.32,15.37,18.0,0.0,18.0
Antoine Comeau,34,2020,USF Pro 2000,Turn 3 Motorsport,9.67,4.3844,,,,,9.67,4.38,29.8,-25,4.8
Kyle Connery,23,2015,USF Pro 2000,JDC Motorsports,12.71,-0.5309,,,,,12.71,-0.53,51.5,0.0,51.5
Sabré Cook,23,2018,USF2000,Team BENIK,19.44,1.9534,,,,,19.31,3.08,18.0,-1.5,16.5
Brenden Cooley,15,2025,USF Juniors,Exclusive Autosport,11.13,-1.79,,,,,12.76,-0.44,40.9,0.0,40.9
Evan Cooley,18,2025,USF2000,Exclusive Autosport,9.22,0.88,-2.78,-0.64,,,9.09,2.01,33.2,0.0,33.2
Evan Cooley,17,2024,USF Juniors,Exclusive Autosport,12.00,1.52,,,,,13.63,2.87,33.2,0.0,33.2
Sam Corry,15,2023,USF2000,Velocity Racing Development,10.11,-0.83,6.86,-0.03,,,9.98,0.30,68.4,11.2,79.6
Sam Corry,14,2022,USF Juniors,Velocity Racing Development,3.25,-0.80,,,,,4.88,0.55,68.4,5.0,73.4
Sam Corry,16,2024,USF2000,Pabst Racing,4.78,-0.77,-5.33,0.06,,,4.65,0.36,68.4,5.0,73.4
Michael Costello,17,2024,USF2000,Jay Howard Driver Development,10.44,-0.34,,,,,10.31,0.79,38.4,1.2,39.6
Michael Costello,18,2025,USF Pro 2000,Pabst Racing,10.22,6.58,-0.22,6.92,,,10.22,6.58,38.4,0.0,38.4
Kaylee Countryman,15,2025,USF Juniors,Exclusive Autosport,15.50,2.62,,,,,17.13,3.97,18.0,0.0,18.0
Elliot Cox,16,2024,USF2000,Sarah Fisher Hartman Racing,8.17,0.00,-5.66,0.0,,,8.04,1.13,40.3,5.0,45.3
Elliot Cox,14,2022,USF Juniors,Sarah Fisher Hartman Racing,10.46,0.00,,,,,12.09,1.35,40.3,5.0,45.3
Elliot Cox,15,2023,USF2000,Sarah Fisher Hartman Racing,13.83,0.00,3.37,0.0,,,13.70,1.13,40.3,11.2,51.5
Jak Crawford,13,2019,USF2000,Cape Motorsports,8.23,1.3912,,,,,8.10,2.52,31.7,0.0,31.7
Carlos Cunha,17,2017,USF Pro 2000,Team Pelfrey,4.5,-1.5726,,,,,4.50,-1.57,81.7,1.5,83.2
Carlos Cunha,18,2018,USF Pro 2000,Juncos Racing,5.23,0.0067,0.73,1.5793,,,5.23,0.01,81.7,0.0,81.7
Michael d'Orlando,15,2018,USF2000,Team BENIK,15.89,-1.5966,,,Yes,,15.76,-0.47,57.3,11.2,68.5
Michael d'Orlando,17,2020,USF2000,Cape Motorsports,6.76,-1.3166,,,Yes,,6.63,-0.19,57.3,1.2,58.5
Michael d'Orlando,18,2021,USF2000,Cape Motorsports,6.0,-2.603,-0.76,-1.2864,Yes,,5.87,-1.47,57.3,0.0,57.3
Michael d'Orlando,19,2022,USF2000,Cape Motorsports,5.06,-1.78,-0.94,0.823,Yes,,4.93,-0.65,57.3,0.0,57.3
Michael d'Orlando,20,2023,USF Pro 2000,Turn 3 Motorsport,8.67,-1.29,3.61,0.49,Yes,,8.67,-1.29,57.3,0.0,57.3
Nicolas Dapero,18,2016,USF Pro 2000,Juncos Racing,5.88,0.7056,,,,,5.88,0.71,66.1,0.0,66.1
Cameron Das,15,2016,USF2000,JAY Motorsports,14.58,5.1212,,,,,14.45,6.25,18.0,11.2,29.2
James Dayson,36,2015,USF2000,ArmsUp Motorsports,13.75,3.7355,,,,,13.62,4.87,18.0,-25,0
Tanner DeFabis,18,2024,USF2000,Jay Howard Driver Development,13.90,3.99,,,,,13.77,5.12,18.0,0.0,18.0
Devlin DeFrancesco,20,2020,USF Pro 2000,Andretti Steinbrenner Autosport,5.65,0.0,,,Yes,Yes,5.65,0.00,72.1,0.0,72.1
Oscar DeLuzuriaga,19,2018,USF2000,Newman Wachs Racing,16.86,2.2724,,,,,16.73,3.40,18.0,0.0,18.0
Phillippe Denes,19,2019,USF Pro 2000,FatBoy Racing,8.23,-1.2183,,,,,8.23,-1.22,65.9,0.0,65.9
Jace Denmark,16,2021,USF2000,Pabst Racing,10.22,2.601,,,,,10.09,3.73,66.6,5.0,71.6
Jace Denmark,20,2025,USF Pro 2000,TJ Speed,8.67,-1.67,3.11,-0.44,,,8.67,-1.67,66.6,0.0,66.6
Jace Denmark,19,2024,USF Pro 2000,Pabst Racing,5.56,-1.23,-2.88,-1.28,,,5.56,-1.23,66.6,0.0,66.6
Jace Denmark,18,2023,USF Pro 2000,Pabst Racing,8.44,0.05,1.55,-1.2,,,8.44,0.05,66.6,0.0,66.6
Jace Denmark,17,2022,USF2000,Pabst Racing,6.89,1.25,-3.33,-1.351,,,6.76,2.38,66.6,1.2,67.8
Dakota Dickerson,19,2016,USF2000,,10.56,,,,,,10.43,,52.5,0.0,52.5
Dakota Dickerson,21,2018,USF2000,ArmsUp Motorsports,8.44,-2.651,,,,,8.31,-1.52,52.5,0.0,52.5
Keith Donegan,20,2018,USF2000,BN Racing,11.25,-2.5135,,,,,11.12,-1.38,47.2,0.0,47.2
Ricky Donison,18,2017,USF2000,Cape Motorsports,14.0,8.4,,,,,13.87,9.53,18.0,0.0,18.0
Jacob Douglas,19,2025,USF Pro 2000,Pabst Racing,6.06,-0.16,,,,,6.06,-0.16,60.6,0.0,60.6
Jacob Douglas,16,2022,USF2000,Exclusive Autosport,11.89,0.80,,,,,11.76,1.93,60.6,5.0,65.6
Jacob Douglas,17,2023,USF2000,Pabst Racing,7.40,0.82,-4.49,0.02,,,7.27,1.95,60.6,1.2,61.8
Kyle Dupell,18,2018,USF2000,Team Pelfrey,14.29,1.0791,,,,,14.16,2.21,10.9,0.0,10.9
Kyle Dupell,20,2020,USF2000,Cape Motorsports,13.0,7.131,,,,,12.87,8.26,10.9,0.0,10.9
Tyke Durst,21,2025,USF Pro 2000,Turn 3 Motorsport,12.89,2.58,-2.39,-2.96,,,12.89,2.58,20.4,0.0,20.4
Tyke Durst,20,2024,USF Pro 2000,Turn 3 Motorsport,15.28,5.54,,,,,15.28,5.54,20.4,0.0,20.4
Danny Dyszelski,15,2024,USF Pro 2000,Turn 3 Motorsport,9.67,-1.33,-0.95,-0.94,,,9.67,-1.33,48.8,13.5,62.3
Danny Dyszelski,14,2023,USF2000,Velocity Racing Development,10.62,-0.39,-3.31,-0.37,,,10.49,0.74,48.8,20.0,68.8
Danny Dyszelski,13,2022,USF2000,Jay Howard Driver Development,13.93,-0.02,,,,,13.80,1.11,48.8,0.0,48.8
Bobby Eberle,46,2015,USF Pro 2000,World Speed Motorsports,14.4,1.0862,,,,,14.40,1.09,50.5,-25,25.5
Bobby Eberle,47,2016,USF Pro 2000,World Speed Motorsports,8.0,-0.6857,-6.4,-1.7719,,,8.00,-0.69,50.5,-25,25.5
Bobby Eberle,48,2017,USF Pro 2000,World Speed Motorsports,8.33,-0.7132,0.33,-0.0275,,,8.33,-0.71,50.5,-25,25.5
Jake Eidson,19,2015,USF2000,Pabst Racing,2.94,-1.5066,,,,,2.81,-0.38,80.5,0.0,80.5
Ariel Elkin,17,2025,USF Pro 2000,TJ Speed,5.12,-2.68,-2.26,-0.14,,,5.12,-2.68,86.6,1.5,87.1
Ariel Elkin,16,2024,USF Juniors,InterMS,7.38,-2.54,,,,,9.01,-1.19,86.6,0.0,86.1
Kory Enders,19,2017,USF2000,DEForce Racing,11.29,1.8982,,,,,11.16,3.03,52.3,0.0,52.3
Kory Enders,20,2018,USF2000,DEForce Racing,11.86,-1.2297,0.57,-3.1279,,,11.73,-0.10,52.3,0.0,52.3
Kory Enders,21,2019,USF Pro 2000,DEForce Racing,8.5,-0.4722,-3.36,0.7575,,,8.50,-0.47,52.3,0.0,52.3
Kory Enders,22,2020,USF Pro 2000,DEForce Racing,10.8,2.7313,2.3,3.2035,,,10.80,2.73,52.3,0.0,52.3
Leonardo Escorpioni,15,2025,USF Juniors,Zanella,3.19,-2.07,-9.69,-1.41,,,4.82,-0.72,56.6,0.0,56.6
Leonardo Escorpioni,14,2024,USF Juniors,Zanella,12.88,-0.66,,,,,14.51,0.69,56.6,5.0,61.6
Ricardo Escotto,19,2024,USF Pro 2000,BN Racing,9.83,-1.06,-3.34,-2.27,Yes,,9.83,-1.06,45.4,0.0,45.4
Ricardo Escotto,18,2023,USF Pro 2000,Jay Howard Driver Development,13.17,1.21,,,Yes,,13.17,1.21,45.4,0.0,45.4
Carson Etter,18,2023,USF Juniors,DC,11.31,0.85,,,Yes,,12.94,2.20,34.9,0.0,34.9
Carson Etter,19,2024,USF2000,DC,14.67,1.88,3.36,1.03,Yes,,14.54,3.01,34.9,0.0,34.9
Carson Etter,20,2025,USF Pro 2000,Exclusive Autosport,14.72,5.96,0.05,4.08,,,14.72,5.96,34.9,0.0,34.9
Erik Evans,17,2021,USF2000,Velocity Racing Development,17.75,0.0,,,,,17.62,1.13,30.5,1.2,31.7
Braden Eves,19,2019,USF2000,Cape Motorsports,3.53,-1.76,,,,,3.40,-0.63,75.9,0.0,75.9
Braden Eves,21,2021,USF Pro 2000,Exclusive Autosport,3.94,-0.503,,,,,3.94,-0.50,75.9,0.0,75.9
Braden Eves,22,2022,USF Pro 2000,Jay Howard Driver Development,6.18,-1.18,2.24,-0.677,,,6.18,-1.18,75.9,0.0,75.9
Braden Eves,24,2024,USF Pro 2000,Exclusive Autosport,11.07,-0.64,,,,,11.07,-0.64,75.9,0.0,75.9
Jeremy Fairbairn,17,2022,USF Juniors,Crosslink Kiwi Motorsports,8.94,-1.39,,,,,10.57,-0.04,38.3,0.0,38.3
Lucas Fecury,20,2024,USF2000,DEForce Racing,13.17,1.26,4.54,-1.7,,,13.04,2.39,24.0,0.0,24.0
Lucas Fecury,21,2025,USF2000,Exclusive Autosport,10.17,2.11,-3.0,0.85,,,10.04,3.24,24.0,0.0,24.0
Lucas Fecury,19,2023,USF Juniors,DEForce Racing,8.63,2.96,-4.59,-0.34,,,10.26,4.31,24.0,0.0,24.0
Lucas Fecury,18,2022,USF Juniors,Crosslink Kiwi Motorsports,13.22,3.30,,,,,14.85,4.65,24.0,0.0,24.0
Eric Filgueiras,22,2016,USF2000,Spencer Racing,19.17,0.0,,,,,19.04,1.13,30.5,0.0,30.5
Charles Finelli,54,2018,USF Pro 2000,BN Racing,11.15,5.9625,,,,,11.15,5.96,27.9,-25,2.9
Charles Finelli,55,2019,USF Pro 2000,FatBoy Racing,11.09,1.6417,-0.06,-4.3208,,,11.09,1.64,27.9,-25,2.9
Charles Finelli,56,2020,USF Pro 2000,FatBoy Racing,13.0,0.0,1.91,-1.6417,,,13.00,0.00,27.9,-25,2.9
Charles Finelli,61,2025,USF Pro 2000,FatBoy,15.75,0.00,,,,,15.75,0.00,27.9,-25,2.9
TJ Fischer,22,2016,USF Pro 2000,Team Pelfrey,6.44,2.9009,,,,,6.44,2.90,69.1,0.0,69.1
TJ Fischer,23,2017,USF Pro 2000,Team Pelfrey,5.67,-1.0225,-0.77,-3.9234,,,5.67,-1.02,69.1,0.0,69.1
Ty Fisher,14,2025,USF Juniors,Zanella,5.87,-2.07,,,,,7.50,-0.72,56.7,5.0,61.7
Louis Foster,18,2022,USF Pro 2000,Exclusive Autosport,4.06,-2.00,,,Yes,Yes,4.06,-2.00,94.3,0.0,91.2
Igor Fraga,19,2018,USF2000,Exclusive Autosport,7.71,-2.9885,,,,,7.58,-1.86,63.8,0.0,63.8
Victor Franzoni,20,2016,USF2000,ArmsUp Motorsports,3.62,-2.6754,-6.71,-0.263,Yes,,3.49,-1.55,100.0,0.0,95.0
Victor Franzoni,19,2015,USF Pro 2000,M1 Racing,10.33,-2.4124,,,Yes,,10.33,-2.41,100.0,0.0,95.0
Victor Franzoni,21,2017,USF Pro 2000,Juncos Racing,1.42,-1.0615,-2.2,1.6139,Yes,,1.42,-1.06,100.0,0.0,95.0
Billy Frazer,18,2021,USF2000,Exclusive Autosport,11.11,-0.8836,,,,,10.98,0.25,40.3,0.0,40.3
Billy Frazer,19,2022,USF2000,Exclusive Autosport,9.00,-1.73,-2.11,-0.8464,,,8.87,-0.60,40.3,0.0,40.3
Kaylen Frederick,14,2017,USF2000,Team Pelfrey,5.08,-2.7836,,,,,4.95,-1.65,62.0,20.0,82.0
Kaylen Frederick,15,2018,USF2000,Pabst Racing,12.0,4.0,6.92,6.7836,,,11.87,5.13,62.0,11.2,73.2
Danial Frost,17,2019,USF Pro 2000,Exclusive Autosport,5.69,-1.6548,,,Yes,,5.69,-1.65,79.2,1.5,80.7
Danial Frost,18,2020,USF Pro 2000,Turn 3 Motorsport,5.29,-1.084,-0.4,0.5708,Yes,,5.29,-1.08,79.2,0.0,79.2
Luke Gabin,19,2015,USF2000,Team Pelfrey,9.44,0.1113,,,,,9.31,1.24,54.2,0.0,54.2
Luke Gabin,20,2016,USF2000,JAY Motorsports,7.0,-2.4588,-2.44,-2.5701,,,6.87,-1.33,54.2,0.0,54.2
Caleb Gafrarar,16,2025,USF2000,Pabst Racing,7.67,0.41,,,,,7.54,1.54,41.4,5.0,46.4
Max Garcia,15,2025,USF Pro 2000,Pabst Racing,2.39,-1.47,-0.72,-0.06,Yes,,2.39,-1.47,91.3,13.5,96.6
Max Garcia,14,2024,USF2000,Pabst Racing,3.11,-1.41,-6.27,-5.23,Yes,,2.98,-0.28,91.3,20.0,98.7
Max Garcia,13,2023,USF2000,Pabst Racing,9.38,3.82,,,Yes,,9.25,4.95,91.3,0.0,89.2
Jorge Garciarce,18,2023,USF2000,DEForce Racing,9.83,-0.95,-3.11,-0.02,Yes,,9.70,0.18,48.2,0.0,48.2
Jorge Garciarce,17,2022,USF2000,Jay Howard Driver Development,12.94,-0.93,,,Yes,,12.81,0.20,48.2,1.2,49.4
Jorge Garciarce,19,2024,USF Pro 2000,DEForce Racing,10.33,-0.63,0.5,0.32,Yes,,10.33,-0.63,48.2,0.0,48.2
Jorge Garciarce,20,2025,USF Pro 2000,DEForce Racing,12.47,-0.09,2.14,0.54,Yes,,12.47,-0.09,48.2,0.0,48.2
Chase Gardner,17,2023,USF2000,Exclusive Autosport,9.20,-2.25,,,,,9.07,-1.12,50.6,1.2,51.8
Bijoy Garg,17,2020,USF2000,Jay Howard Driver Development,13.36,1.733,,,,,13.23,2.86,20.2,1.2,21.4
Bijoy Garg,18,2021,USF2000,Jay Howard Driver Development,19.27,-0.4158,5.91,-2.1488,,,19.14,0.71,20.2,0.0,20.2
Bijoy Garg,19,2022,USF2000,DEForce Racing,10.27,0.13,-9.0,0.5458,,,10.14,1.26,20.2,0.0,20.2
Bijoy Garg,20,2023,USF Pro 2000,DEForce Racing,12.19,3.55,1.92,3.42,,,12.19,3.55,20.2,0.0,20.2
Sebastián Garzón,15,2025,USF2000,DEForce Racing,9.89,-1.73,,,,,9.76,-0.60,43.3,11.2,54.5
Nicolas Giaffone,19,2024,USF2000,DEForce Racing,8.83,-2.34,5.33,-0.75,,,8.70,-1.21,77.6,0.0,77.6
Nicolas Giaffone,18,2023,USF Juniors,DEForce Racing,3.50,-1.59,,,,,5.13,-0.24,77.6,0.0,77.6
Ryan Giannetta,15,2025,USF2000,Velocity Racing Development,14.88,10.27,,,,,14.75,11.40,18.0,11.2,29.2
Brady Golan,16,2024,USF Juniors,DEForce Racing,13.25,0.08,,,,,14.88,1.43,33.7,0.0,33.7
Brady Golan,16,2024,USF2000,DEForce Racing,12.67,0.68,4.17,-2.07,,,12.54,1.81,33.7,5.0,38.7
Brady Golan,15,2023,USF Juniors,DEForce Racing,8.50,2.75,,,,,10.13,4.10,33.7,0.0,33.7
Brady Golan,17,2025,USF Pro 2000,Turn 3 Motorsport,13.20,3.02,0.53,2.34,,,13.20,3.02,33.7,1.5,35.2
Reece Gold,14,2019,USF2000,Cape Motorsports,10.33,4.8275,,,Yes,,10.20,5.96,83.2,20.0,96.1
Reece Gold,15,2020,USF2000,Cape Motorsports,5.53,-1.8872,-4.8,-6.7147,Yes,,5.40,-0.76,83.2,11.2,91.3
Reece Gold,16,2021,USF Pro 2000,Juncos Racing,5.06,-1.7606,-0.47,0.1266,Yes,,5.06,-1.76,83.2,6.0,87.8
Reece Gold,17,2022,USF Pro 2000,Juncos Racing,4.72,-0.26,-0.34,1.5006,Yes,,4.72,-0.26,83.2,1.5,84.7
Patricio González,16,2025,USF Juniors,DEForce Racing,9.00,-1.41,-4.63,-0.14,,,10.63,-0.06,28.6,0.0,28.6
Patricio González,15,2024,USF Juniors,DEForce DD,13.63,-1.27,,,,,15.26,0.08,28.6,0.0,28.6
Rodrigo González,19,2025,USF Juniors,DEForce Racing,7.56,-2.20,-8.88,-3.74,,,9.19,-0.85,33.1,0.0,33.1
Rodrigo González,18,2024,USF Juniors,DEForce DD,16.44,1.54,,,,,18.07,2.89,33.1,0.0,33.1
Dev Gore,19,2017,USF2000,Exclusive Autosport,14.71,5.1554,,,,,14.58,6.29,18.0,0.0,18.0
Joel Granfors,17,2023,USF Pro 2000,Exclusive Autosport,8.31,-1.94,,,,,8.31,-1.94,70.3,1.5,71.8
Jeff Green,60,2017,USF Pro 2000,Juncos Racing,9.83,7.3485,,,,,9.83,7.35,28.9,-25,3.9
Josh Green,17,2020,USF2000,Cape Motorsports,8.29,-0.1037,,,Yes,,8.16,1.03,70.7,1.2,71.9
Josh Green,18,2021,USF2000,Turn 3 Motorsport,7.44,-2.9446,-0.85,-2.8409,Yes,,7.31,-1.81,70.7,0.0,70.7
Josh Green,19,2022,USF Pro 2000,Turn 3 Motorsport,7.17,-1.37,-0.27,1.5746,Yes,,7.17,-1.37,70.7,0.0,70.7
Garett Grist,19,2015,USF Pro 2000,Juncos Racing,5.81,-0.9773,,,,,5.81,-0.98,77.8,0.0,77.8
Diego Guiot,16,2025,USF Juniors,Zanella,8.81,-0.25,-4.63,-0.12,,,10.44,1.10,20.9,0.0,20.9
Diego Guiot,15,2024,USF Juniors,Zanella,13.44,-0.13,,,,,15.07,1.22,20.9,0.0,20.9
Andrés Gutiérrez,17,2018,USF Pro 2000,Team Pelfrey,9.18,0.3423,,,,,9.18,0.34,50.3,1.5,51.8
José Gutiérrez,18,2015,USF Pro 2000,Juncos Racing,8.5,1.8436,,,,,8.50,1.84,44.0,0.0,44.0
Max Hanratty,21,2015,USF2000,ArmsUp Motorsports,11.56,0.7992,,,,,11.43,1.93,25.1,0.0,25.1
Nicky Hays,20,2022,USF2000,Cape Motorsports,8.72,1.02,,,,,8.59,2.15,31.5,0.0,31.5
Ethan Ho,17,2023,USF Juniors,DC,8.30,-1.75,,,,,9.93,-0.40,48.2,0.0,48.2
Ethan Ho,17,2023,USF2000,DC,10.54,-1.16,0.73,-0.1,,,10.41,-0.03,48.2,1.2,49.4
Ethan Ho,16,2022,USF Juniors,DC,9.81,-1.06,,,,,11.44,0.29,48.2,0.0,48.2
Ethan Ho,18,2024,USF Pro 2000,Turn 3 Motorsport,14.07,3.59,3.53,4.75,,,14.07,3.59,48.2,0.0,48.2
Zach Holden,18,2019,USF2000,BN Racing,8.08,-1.723,,,,,7.95,-0.59,53.3,0.0,53.3
JT Hoskins,16,2025,USF Juniors,Jay Howard Driver Development,12.13,1.80,,,,,13.76,3.15,18.0,0.0,18.0
Ayrton Houk,20,2024,USF2000,DC,11.13,-1.60,,,,,11.00,-0.47,34.0,0.0,34.0
Ayrton Houk,21,2025,USF2000,Benchmark,11.62,0.00,0.49,1.6,,,11.49,1.13,34.0,0.0,34.0
Lochie Hughes,21,2024,USF Pro 2000,Turn 3 Motorsport,4.94,-2.76,-1.95,-0.74,Yes,,4.94,-2.76,89.8,0.0,88.2
Lochie Hughes,20,2023,USF2000,Jay Howard Driver Development,6.89,-2.02,,,Yes,,6.76,-0.89,89.8,0.0,88.2
Ayden Ingratta,15,2024,USF Juniors,Jay Howard Driver Development,11.60,-0.91,,,,,13.23,0.44,35.1,0.0,35.1
Alan Isambard,18,2022,USF Juniors,InterMS,8.92,0.15,,,,,10.55,1.50,28.0,0.0,28.0
Maxwell Jamieson,19,2024,USF2000,DEForce Racing,13.72,1.94,-0.78,-2.88,,,13.59,3.07,17.3,0.0,17.3
Maxwell Jamieson,18,2023,USF2000,DEForce Racing,14.50,4.82,0.96,-1.06,,,14.37,5.95,17.3,0.0,17.3
Maxwell Jamieson,17,2022,USF Juniors,DEForce Racing,13.54,5.88,,,,,15.17,7.23,17.3,0.0,17.3
Nico Jamin,19,2015,USF2000,Cape Motorsports,2.25,-0.5625,,,Yes,,2.12,0.57,98.8,0.0,94.2
Nico Jamin,20,2016,USF Pro 2000,Cape Motorsports,4.0,-1.3956,1.75,-0.8331,Yes,,4.00,-1.40,98.8,0.0,94.2
Jack Jeffers,17,2024,USF Juniors,Exclusive Autosport,7.56,-2.19,1.75,-0.38,,,9.19,-0.84,81.2,0.0,81.2
Jack Jeffers,18,2025,USF2000,Exclusive Autosport,3.78,-2.08,-3.78,0.11,,,3.65,-0.95,81.2,0.0,81.2
Jack Jeffers,16,2023,USF Juniors,Exclusive Autosport,5.81,-1.81,,,,,7.44,-0.46,81.2,0.0,81.2
Nikita Johnson,14,2023,USF2000,Velocity Racing Development,5.50,-2.75,-5.61,-1.28,Yes,,5.37,-1.62,82.4,20.0,95.8
Nikita Johnson,15,2024,USF Pro 2000,Velocity Racing Development,4.89,-1.66,-0.61,1.09,Yes,,4.89,-1.66,82.4,13.5,92.3
Nikita Johnson,13,2022,USF2000,Velocity Racing Development,11.11,-1.47,,,Yes,,10.98,-0.34,82.4,0.0,82.4
Nikita Johnson,13,2022,USF Juniors,Velocity Racing Development,3.94,-0.34,,,Yes,,5.57,1.01,82.4,0.0,82.4
Leandro Juncos,18,2024,USF Juniors,DEForce Racing,13.40,0.23,,,,,15.03,1.58,27.5,0.0,27.5
Max Kaeser,16,2020,USF2000,Miller Vinatieri Motorsports,14.75,1.977,,,,,14.62,3.11,18.0,5.0,23.0
Bob Kaminsky,57,2020,USF Pro 2000,Pabst Racing,11.9,4.6175,,,,,11.90,4.62,28.0,-25,3.0
Colin Kaminsky,17,2017,USF2000,John Cummiskey Racing,14.5,-2.5991,,,,,14.37,-1.47,59.8,1.2,61.0
Colin Kaminsky,18,2018,USF2000,DEForce Racing,12.0,-1.1173,-2.5,1.4818,,,11.87,0.01,59.8,0.0,59.8
Colin Kaminsky,19,2019,USF2000,Pabst Racing,5.47,-1.4885,-6.53,-0.3712,,,5.34,-0.36,59.8,0.0,59.8
Colin Kaminsky,20,2020,USF Pro 2000,Pabst Racing,7.88,-0.6373,2.41,0.8512,,,7.88,-0.64,59.8,0.0,59.8
Colin Kaminsky,22,2022,USF Pro 2000,Pabst Racing,8.60,-0.56,,,,,8.60,-0.56,59.8,0.0,59.8
Darren Keane,17,2017,USF2000,Newman Wachs Racing,11.82,-1.3119,,,,,11.69,-0.18,42.8,1.2,44.0
Darren Keane,18,2018,USF2000,Newman Wachs Racing,13.67,-1.0926,1.85,0.2193,,,13.54,0.04,42.8,0.0,42.8
Darren Keane,19,2019,USF2000,Cape Motorsports,6.07,-0.8363,-7.6,0.2563,,,5.94,0.29,42.8,0.0,42.8
Dalton Kellett,21,2015,USF Pro 2000,Andretti Autosport,9.13,0.9677,,,Yes,Yes,9.13,0.97,46.3,0.0,46.3
Kyle Kirkwood,19,2018,USF2000,Cape Motorsports,1.36,0.0,,,Yes,Yes,1.23,1.13,100.0,0.0,95.0
Kyle Kirkwood,20,2019,USF Pro 2000,RP Motorsport,4.12,-1.7706,2.76,-1.7706,Yes,Yes,4.12,-1.77,100.0,0.0,95.0
Lucas Kohl,17,2016,USF2000,John Cummiskey Racing,12.88,0.1449,,,,,12.75,1.28,24.4,1.2,25.6
Lucas Kohl,18,2017,USF2000,Pabst Racing,10.29,4.9378,-2.59,4.7929,,,10.16,6.07,24.4,0.0,24.4
Lucas Kohl,19,2018,USF2000,Pabst Racing,8.79,-0.2051,-1.5,-5.1429,,,8.66,0.93,24.4,0.0,24.4
Spike Kohlbecker,18,2021,USF2000,Cape Motorsports,8.44,-1.7183,,,,,8.31,-0.59,42.9,0.0,42.9
Spike Kohlbecker,19,2022,USF2000,Turn 3 Motorsport,9.94,0.20,1.5,1.9183,,,9.81,1.33,42.9,0.0,42.9
Xavier Kokai,18,2024,USF2000,Velocity Racing Development,14.10,6.46,,,,,13.97,7.59,18.0,0.0,18.0
Nikita Lastochkin,24,2015,USF2000,Team Pelfrey,9.0,-0.3183,,,Yes,,8.87,0.81,62.6,-6.0,56.6
Nikita Lastochkin,25,2016,USF2000,Cape Motorsports,9.13,2.1803,0.13,2.4986,Yes,,9.00,3.31,62.6,-13.5,49.1
Nikita Lastochkin,26,2017,USF Pro 2000,Team Pelfrey,5.5,-1.127,-3.63,-3.3073,Yes,,5.50,-1.13,62.6,-6.0,56.6
Nikita Lastochkin,27,2018,USF Pro 2000,Cape Motorsports,8.38,1.9699,2.88,3.0969,Yes,,8.38,1.97,62.6,-13.5,49.1
Nikita Lastochkin,28,2019,USF Pro 2000,Exclusive Autosport,7.38,-0.5917,-1.0,-2.5616,Yes,,7.38,-0.59,62.6,-24.0,38.6
Alessandro Latif,18,2015,USF Pro 2000,World Speed Motorsports,12.38,-0.9338,,,Yes,,12.38,-0.93,54.2,0.0,54.2
Florian Latorre,17,2015,USF Pro 2000,Cape Motorsports,9.06,0.6694,,,Yes,,9.06,0.67,48.7,1.5,50.2
Jackson Lee,18,2021,USF2000,Jay Howard Driver Development,17.07,-2.2751,,,,,16.94,-1.14,47.9,0.0,47.9
Jackson Lee,20,2023,USF Pro 2000,Turn 3 Motorsport,13.82,4.94,,,,,13.82,4.94,47.9,0.0,47.9
Rasmus Lindh,16,2018,USF2000,Pabst Racing,7.57,-1.2028,,,,,7.44,-0.07,90.6,5.0,92.1
Rasmus Lindh,17,2019,USF Pro 2000,Juncos Racing,2.56,-0.8124,-5.01,0.3904,,,2.56,-0.81,90.6,1.5,89.8
Jordan Lloyd,20,2016,USF2000,Pabst Racing,6.75,-1.6987,,,,,6.62,-0.57,60.6,0.0,60.6
Jimmie Lockhart,15,2023,USF Juniors,Velocity Racing Development,5.44,-1.12,,,,,7.07,0.23,52.7,0.0,52.7
Liam Loiacono,17,2025,USF Juniors,Jay Howard Driver Development,5.13,-2.64,,,,,6.76,-1.29,64.6,0.0,64.6
Brad Majman,15,2025,USF2000,Jay Howard Driver Development,9.46,-0.46,,,,,9.33,0.67,37.2,11.2,48.4
David Malukas,15,2017,USF2000,BN Racing,9.89,-3.3452,,,Yes,Yes,9.76,-2.21,82.5,11.2,90.8
David Malukas,16,2018,USF Pro 2000,BN Racing,5.81,-1.1636,-4.08,2.1816,Yes,Yes,5.81,-1.16,82.5,6.0,87.3
Sebastian Manson,17,2025,USF Pro 2000,TJ Speed,12.89,2.58,,,,,12.89,2.58,30.8,1.5,32.3
Anthony Martella,16,2025,USF2000,Jay Howard Driver Development,10.33,0.41,,,,,10.20,1.54,27.7,5.0,32.7
Anthony Martin,20,2015,USF2000,John Cummiskey Racing,4.94,-0.4786,,,,,4.81,0.65,93.6,0.0,90.8
Anthony Martin,21,2016,USF2000,Cape Motorsports,3.5,-1.8379,-1.44,-1.3593,,,3.37,-0.71,93.6,0.0,90.8
Anthony Martin,22,2017,USF Pro 2000,Cape Motorsports,1.83,-0.9746,-1.67,0.8633,,,1.83,-0.97,93.6,0.0,90.8
Austin McCusker,18,2016,USF2000,Chastain Motorsports,12.54,-1.7951,,,,,12.41,-0.66,42.4,0.0,42.4
Russell McDonough,20,2018,USF2000,BN Racing,18.21,4.6803,,,,,18.08,5.81,18.0,0.0,18.0
Hunter McElrea,19,2019,USF2000,Pabst Racing,3.73,-1.8786,,,Yes,Yes,3.60,-0.75,89.6,0.0,88.1
Hunter McElrea,20,2020,USF Pro 2000,Pabst Racing,5.94,-1.8245,2.21,0.0541,Yes,Yes,5.94,-1.82,89.6,0.0,88.1
Hunter McElrea,21,2021,USF Pro 2000,Pabst Racing,4.61,-1.2763,-1.33,0.5482,Yes,Yes,4.61,-1.28,89.6,0.0,88.1
Clint McMahan,36,2016,USF2000,RJB Motorsports,16.91,1.3965,,,,,16.78,2.53,21.1,-25,0
Liam McNeilly,17,2024,USF Juniors,Jay Howard Driver Development,6.19,-3.15,,,,,7.82,-1.80,62.1,0.0,62.1
Robert Megennis,15,2016,USF2000,Team Pelfrey,7.75,-2.7448,,,Yes,,7.62,-1.61,68.2,11.2,79.4
Robert Megennis,16,2017,USF2000,Team Pelfrey,8.92,-1.8399,1.17,0.9049,Yes,,8.79,-0.71,68.2,5.0,73.2
Robert Megennis,17,2018,USF Pro 2000,Juncos Racing,7.25,2.813,-1.67,4.6529,Yes,,7.25,2.81,68.2,1.5,69.7
Jack William Miller,15,2019,USF2000,Miller Vinatieri Motorsports,14.67,0.0,,,Yes,,14.54,1.13,45.8,11.2,57.0
Jack William Miller,16,2020,USF2000,Miller Vinatieri Motorsports,9.94,-2.3436,-4.73,-2.3436,Yes,,9.81,-1.21,45.8,5.0,50.8
Jack William Miller,17,2021,USF Pro 2000,Miller Vinatieri Motorsports,9.82,0.0,-0.12,2.3436,Yes,,9.82,0.00,45.8,1.5,47.3
Jack William Miller,19,2023,USF Pro 2000,Miller Vinatieri Motorsports,10.39,0.00,1.78,0.0,Yes,,10.39,0.00,45.8,0.0,45.8
Jack William Miller,18,2022,USF Pro 2000,Miller Vinatieri Motorsports,8.61,0.00,-1.21,0.0,Yes,,8.61,0.00,45.8,0.0,45.8
Calvin Ming,20,2017,USF2000,Pabst Racing,8.07,1.296,,,,,7.94,2.43,44.1,0.0,44.1
Calvin Ming,21,2018,USF2000,Pabst Racing,7.64,-1.1545,-0.43,-2.4505,,,7.51,-0.02,44.1,0.0,44.1
Jordan Missig,23,2022,USF Pro 2000,Pabst Racing,9.94,0.80,,,Yes,,9.94,0.80,31.5,0.0,31.5
Jordan Missig,24,2023,USF Pro 2000,Pabst Racing,12.00,5.16,2.06,4.36,Yes,,12.00,5.16,31.5,0.0,31.5
Nicholas Monteiro,19,2025,USF Pro 2000,Turn 3 Motorsport,9.00,-1.46,-3.28,-2.89,Yes,,9.00,-1.46,45.5,0.0,45.5
Nicholas Monteiro,17,2023,USF Pro 2000,NeoTech,14.67,0.00,,,Yes,,14.67,0.00,45.5,1.5,47.0
Nicholas Monteiro,18,2024,USF Pro 2000,DEForce Racing,12.28,1.43,-2.39,1.43,Yes,,12.28,1.43,45.5,0.0,45.5
Al Morey,18,2023,USF2000,Jay Howard Driver Development,11.83,2.53,,,,,11.70,3.66,18.0,0.0,18.0
Frankie Mossman,18,2024,USF Pro 2000,Jay Howard Driver Development,9.78,-0.26,,,,,9.78,-0.26,49.0,0.0,49.0
Frankie Mossman,19,2025,USF Pro 2000,Velocity Racing Development,8.92,0.54,-0.86,0.8,,,8.92,0.54,49.0,0.0,49.0
Teddy Musella,15,2025,USF2000,Velocity Racing Development,4.44,-2.20,,,,,4.31,-1.07,76.7,11.2,86.9
Michael Myers,19,2021,USF2000,Michael Myers Racing,19.07,0.0,,,,,18.94,1.13,30.5,0.0,30.5
Ely Navarro,16,2021,USF2000,DEForce Racing,15.39,6.6735,,,,,15.26,7.80,18.0,5.0,23.0
Thomas Nepveu,16,2021,USF2000,Cape Motorsports,9.67,-0.8463,,,,,9.54,0.28,47.3,5.0,52.3
Thomas Nepveu,17,2022,USF2000,DEForce Racing,7.83,-1.78,-1.84,-0.9337,,,7.70,-0.65,47.3,1.2,48.5
Parker Nicklin,18,2015,USF Pro 2000,JDC Motorsports,13.7,0.4503,,,,,13.70,0.45,45.0,0.0,45.0
Thomas Nordquist,21,2025,USF Juniors,DEForce Racing,16.13,8.24,,,,,17.76,9.59,18.0,-1.5,16.5
Patricio O'Ward,15,2015,USF Pro 2000,Team Pelfrey,6.69,-0.3922,,,Yes,Yes,6.69,-0.39,80.9,13.5,91.3
Patricio O'Ward,16,2016,USF Pro 2000,Team Pelfrey,3.44,-0.7748,-3.25,-0.3826,Yes,Yes,3.44,-0.77,80.9,6.0,86.3
David Osborne,21,2018,USF2000,Newman Wachs Racing,16.9,2.3233,,,,,16.77,3.45,18.0,0.0,18.0
Tazio Ottis,20,2016,USF2000,JDC Motorsports,14.8,-1.2372,,,,,14.67,-0.11,38.7,0.0,38.7
Will Owen,19,2015,USF Pro 2000,Juncos Racing,7.19,0.211,,,,,7.19,0.21,75.3,0.0,75.3
Will Owen,20,2016,USF Pro 2000,Juncos Racing,4.38,-0.7258,-2.81,-0.9368,,,4.38,-0.73,75.3,0.0,75.3
Raoul Owens,20,2015,USF Pro 2000,Team Pelfrey,10.94,5.901,,,,,10.94,5.90,28.0,0.0,28.0
Evagoras Papasavvas,16,2024,USF2000,Jay Howard Driver Development,6.94,-2.48,0.55,-0.28,Yes,,6.81,-1.35,53.9,5.0,58.9
Evagoras Papasavvas,15,2023,USF2000,Jay Howard Driver Development,6.39,-2.20,-7.81,-2.45,Yes,,6.26,-1.07,53.9,11.2,65.1
Evagoras Papasavvas,14,2022,USF2000,Jay Howard Driver Development,14.20,0.25,,,Yes,,14.07,1.38,53.9,20.0,73.9
Jake Parsons,21,2016,USF Pro 2000,Juncos Racing,6.31,1.274,,,,,6.31,1.27,60.0,0.0,60.0
Artem Petrov,20,2020,USF Pro 2000,Juncos Racing,5.65,-0.5424,,,,,5.65,-0.54,74.9,0.0,74.9
Artem Petrov,21,2021,USF Pro 2000,Exclusive Autosport,4.61,0.0953,-1.04,0.6377,,,4.61,0.10,74.9,0.0,74.9
Josh Pierson,14,2020,USF2000,Exclusive Autosport,15.31,5.4391,,,Yes,,15.18,6.57,42.3,20.0,62.3
Josh Pierson,15,2021,USF2000,Pabst Racing,6.72,-1.1768,-8.59,-6.6159,Yes,,6.59,-0.05,42.3,11.2,53.5
Zack Ping,15,2023,USF2000,Velocity Racing Development,16.08,7.39,,,,,15.95,8.52,18.0,11.2,29.2
Francesco Pizzi,18,2023,USF Pro 2000,TJ Speed,7.89,-1.39,,,,,7.89,-1.39,69.0,0.0,69.0
Kiko Porto,16,2020,USF2000,DEForce Racing,7.5,-2.9059,,,Yes,,7.37,-1.78,88.9,5.0,91.0
Kiko Porto,17,2021,USF2000,DEForce Racing,3.72,-2.4309,-3.78,0.475,Yes,,3.59,-1.30,88.9,1.2,88.4
Kiko Porto,19,2023,USF Pro 2000,DEForce Racing,6.67,-1.96,-0.39,-1.94,Yes,,6.67,-1.96,88.9,0.0,87.6
Kiko Porto,18,2022,USF Pro 2000,DEForce Racing,7.06,-0.02,3.34,2.4109,Yes,,7.06,-0.02,88.9,0.0,87.6
Hudson Potter,17,2025,USF Juniors,InterMS,15.64,1.34,-2.43,-9.58,,,17.27,2.69,5.1,0.0,5.1
Hudson Potter,16,2024,USF Juniors,InterMS,18.07,10.92,,,,,19.70,12.27,5.1,0.0,5.1
Brendan Puderbach,36,2017,USF Pro 2000,FatBoy Racing,11.6,0.2191,,,,,11.60,0.22,46.5,-25,21.5
Christian Rasmussen,18,2019,USF2000,Jay Howard Driver Development,6.93,-2.7015,,,Yes,Yes,6.80,-1.57,86.6,0.0,86.1
Christian Rasmussen,19,2020,USF2000,Jay Howard Driver Development,5.94,-2.9564,-0.99,-0.2549,Yes,Yes,5.81,-1.83,86.6,0.0,86.1
Christian Rasmussen,20,2021,USF Pro 2000,Jay Howard Driver Development,4.11,-1.6968,-1.83,1.2596,Yes,Yes,4.11,-1.70,86.6,0.0,86.1
Bruno Ribeiro,15,2024,USF Juniors,DEForce Racing,12.36,-0.76,,,,,13.99,0.59,34.1,0.0,34.1
Garth Rickards,22,2015,USF2000,Team Pelfrey,9.5,0.1731,,,,,9.37,1.30,23.8,0.0,23.8
Garth Rickards,23,2016,USF2000,Pabst Racing,11.12,2.5889,1.62,2.4158,,,10.99,3.72,23.8,-1.5,22.3
Sting Ray Robb,15,2017,USF Pro 2000,World Speed Motorsports,6.5,-1.8622,,,Yes,Yes,6.50,-1.86,77.0,13.5,88.7
Sting Ray Robb,16,2018,USF Pro 2000,Team Pelfrey,7.62,-1.0591,1.12,0.8031,Yes,Yes,7.62,-1.06,77.0,6.0,83.0
Sting Ray Robb,17,2019,USF Pro 2000,Juncos Racing,4.94,1.5676,-2.68,2.6267,Yes,Yes,4.94,1.57,77.0,1.5,78.5
Sting Ray Robb,18,2020,USF Pro 2000,Juncos Racing,3.0,-1.56,-1.94,-3.1276,Yes,Yes,3.00,-1.56,77.0,0.0,77.0
James Roe,22,2021,USF Pro 2000,Turn 3 Motorsport,9.28,0.0,,,Yes,,9.28,0.00,52.0,0.0,52.0
Matthew Round-Garrido,18,2019,USF2000,BN Racing,10.73,0.4806,,,,,10.60,1.61,21.8,0.0,21.8
Matthew Round-Garrido,19,2020,USF2000,Pabst Racing,8.47,0.3833,-2.26,-0.0973,,,8.34,1.51,21.8,0.0,21.8
Matthew Round-Garrido,20,2021,USF2000,Exclusive Autosport,14.31,2.6557,5.84,2.2724,,,14.18,3.79,21.8,0.0,21.8
Myles Rowe,20,2021,USF2000,Force Indy,15.83,0.0,,,Yes,,15.70,1.13,84.5,0.0,84.5
Myles Rowe,22,2023,USF Pro 2000,Pabst Racing,4.72,-2.06,-0.06,-1.2,Yes,,4.72,-2.06,84.5,0.0,84.5
Myles Rowe,21,2022,USF2000,Pabst Racing,4.78,-0.86,-11.05,-0.86,Yes,,4.65,0.27,84.5,0.0,84.5
Emma Scarbrough,16,2025,USF Juniors,InterMS,15.31,0.96,,,,,16.94,2.31,22.6,0.0,22.6
Liam Sceats,17,2024,USF Pro 2000,TJ Speed,8.89,0.18,,,Yes,,8.89,0.18,52.9,1.5,54.4
Erick Schotten,15,2023,USF Juniors,Exclusive Autosport,8.69,0.24,,,,,10.32,1.59,27.4,0.0,27.4
Thomas Schrage,20,2025,USF2000,Velocity Racing Development,5.89,-1.95,,,,,5.76,-0.82,67.0,0.0,67.0
Hudson Schwartz,13,2023,USF Juniors,Velocity Racing Development,6.69,-0.15,,,,,8.32,1.20,44.4,0.0,44.4
Hudson Schwartz,14,2024,USF2000,Pabst Racing,9.22,5.70,2.53,5.85,,,9.09,6.83,44.4,20.0,64.4
Harrison Scott,21,2018,USF Pro 2000,RP Motorsport,7.08,-0.7605,,,,,7.08,-0.76,69.3,0.0,69.3
Gordon Scully,23,2023,USF2000,Velocity Racing Development,13.78,3.45,,,,,13.65,4.58,18.0,-1.5,16.5
Antonio Serravalle,15,2018,USF Pro 2000,Exclusive Autosport,11.8,5.6925,,,Yes,,11.80,5.69,42.0,13.5,55.5
Antonio Serravalle,16,2019,USF Pro 2000,Pserra Racing,8.57,0.0,-3.23,-5.6925,Yes,,8.57,0.00,42.0,6.0,48.0
Titus Sherlock,17,2022,USF Juniors,Crosslink Kiwi Motorsports,10.38,-0.20,,,,,12.01,1.15,30.3,0.0,30.3
Cameron Shields,18,2019,USF2000,Newman Wachs Racing,9.33,-2.2143,,,,,9.20,-1.08,49.3,0.0,49.3
Cameron Shields,19,2020,USF2000,DEForce Racing,8.69,-2.5224,-0.64,-0.3081,,,8.56,-1.39,49.3,0.0,49.3
Nolan Siegel,14,2019,USF2000,Newman Wachs Racing,13.87,1.8556,,,Yes,Yes,13.74,2.99,45.1,20.0,65.1
Nolan Siegel,15,2020,USF2000,Jay Howard Driver Development,12.65,0.8814,-1.22,-0.9742,Yes,Yes,12.52,2.01,45.1,11.2,56.3
Nolan Siegel,16,2021,USF2000,DEForce Racing,11.5,0.8195,-1.15,-0.0619,Yes,Yes,11.37,1.95,45.1,5.0,50.1
Nolan Siegel,17,2022,USF Pro 2000,DEForce Racing,6.28,-0.71,-5.22,-1.5295,Yes,Yes,6.28,-0.71,45.1,1.5,46.6
José Sierra,18,2018,USF2000,DEForce Racing,13.43,0.201,,,,,13.30,1.33,29.1,0.0,29.1
Simon Sikes,20,2021,USF2000,Legacy Autosport,9.6,-3.4751,,,,,9.47,-2.34,87.3,0.0,86.5
Simon Sikes,22,2023,USF2000,Pabst Racing,3.83,-1.63,,,,,3.70,-0.50,87.3,0.0,86.5
Simon Sikes,23,2024,USF Pro 2000,Pabst Racing,8.67,1.87,4.84,3.5,,,8.67,1.87,87.3,0.0,86.5
Kyffin Simpson,16,2021,USF Pro 2000,Juncos Racing,8.31,0.589,,,Yes,Yes,8.31,0.59,53.4,6.0,59.4
Keyvan Andres Soori,14,2015,USF2000,ArmsUp Motorsports,9.94,-0.8021,,,,,9.81,0.33,36.8,20.0,56.8
Augusto Soto-Schirripa,23,2024,USF Juniors,InterMS,8.75,-1.95,,,,,10.38,-0.60,42.0,-13.5,28.5
Louka St-Jean,17,2023,USF Pro 2000,Turn 3 Motorsport,11.82,1.90,,,,,11.82,1.90,35.3,1.5,36.8
Evan Stamer,19,2021,USF2000,Cape Motorsports,18.28,13.2518,,,,,18.15,14.38,18.0,0.0,18.0
Michai Stephens,24,2016,USF2000,RJB Motorsports,14.33,-1.1835,,,,,14.20,-0.05,38.3,-6.0,32.3
Michael Suco,19,2025,USF Juniors,InterMS,12.44,-1.70,-4.5,-11.85,,,14.07,-0.35,25.3,0.0,25.3
Michael Suco,18,2024,USF Juniors,Velocity Racing Development,16.94,10.15,,,,,18.57,11.50,25.3,0.0,25.3
Manuel Sulaiman,20,2021,USF Pro 2000,Juncos Racing,6.67,-0.9369,,,Yes,,6.67,-0.94,72.7,0.0,72.7
Manuel Sulaimán,18,2019,USF2000,DEForce Racing,8.2,-1.3142,,,Yes,,8.07,-0.18,74.7,0.0,74.7
Manuel Sulaimán,19,2020,USF Pro 2000,DEForce Racing,6.75,-1.4643,-1.45,-0.1501,Yes,,6.75,-1.46,74.7,0.0,74.7
Yuven Sundaramoorthy,16,2019,USF2000,Pabst Racing,11.33,5.7517,,,Yes,,11.20,6.88,42.1,5.0,47.1
Yuven Sundaramoorthy,17,2020,USF2000,Pabst Racing,11.19,4.2624,-0.14,-1.4893,Yes,,11.06,5.39,42.1,1.2,43.3
Yuven Sundaramoorthy,18,2021,USF2000,Pabst Racing,7.5,-0.5953,-3.69,-4.8577,Yes,,7.37,0.54,42.1,0.0,42.1
Yuven Sundaramoorthy,19,2022,USF Pro 2000,Pabst Racing,8.83,-0.35,1.33,0.2453,Yes,,8.83,-0.35,42.1,0.0,42.1
Yuven Sundaramoorthy,20,2023,USF Pro 2000,Exclusive Autosport,12.15,1.47,3.32,1.82,Yes,,12.15,1.47,42.1,0.0,42.1
Weiron Tan,20,2015,USF Pro 2000,Andretti Autosport,7.38,-0.7823,,,,,7.38,-0.78,67.7,0.0,67.7
Max Taylor,16,2024,USF Juniors,Velocity Racing Development,3.60,-2.38,,,Yes,,5.23,-1.03,78.8,0.0,78.8
Max Taylor,16,2024,USF2000,Velocity Racing Development,6.22,-2.22,-7.23,-5.19,Yes,,6.09,-1.09,78.8,5.0,83.8
Max Taylor,17,2025,USF Pro 2000,Velocity Racing Development,7.41,-0.88,1.19,1.34,Yes,,7.41,-0.88,78.8,1.5,80.3
Max Taylor,15,2023,USF Juniors,Velocity Racing Development,8.00,1.34,,,Yes,,9.63,2.69,78.8,0.0,78.8
Max Taylor,15,2023,USF2000,Velocity Racing Development,13.45,2.97,,,Yes,,13.32,4.10,78.8,11.2,88.3
Aaron Telitz,23,2015,USF2000,Cape Motorsports,3.75,0.9375,,,Yes,,3.62,2.07,94.8,-1.5,90.6
Aaron Telitz,24,2016,USF Pro 2000,Team Pelfrey,2.38,-1.1042,-1.37,-2.0417,Yes,,2.38,-1.10,94.8,0.0,91.6
Parker Thompson,16,2015,USF2000,JDC Motorsports,7.75,-1.3717,,,,,7.62,-0.24,74.2,5.0,79.2
Parker Thompson,17,2016,USF2000,Cape Motorsports,4.0,-1.829,-3.75,-0.4573,,,3.87,-0.70,74.2,1.2,75.4
Parker Thompson,18,2017,USF2000,Exclusive Autosport,5.86,-2.7074,1.86,-0.8784,,,5.73,-1.58,74.2,0.0,74.2
Parker Thompson,19,2018,USF Pro 2000,Exclusive Autosport,4.12,-1.9875,-1.74,0.7199,,,4.12,-1.99,74.2,0.0,74.2
Parker Thompson,20,2019,USF Pro 2000,Abel Motorsports,4.19,-1.3096,0.07,0.6779,,,4.19,-1.31,74.2,0.0,74.2
Parker Thompson,21,2020,USF Pro 2000,DEForce Racing,7.0,-1.3155,2.81,-0.0059,,,7.00,-1.32,74.2,0.0,74.2
Bruna Tomaselli,19,2017,USF2000,ArmsUp Motorsports,15.78,2.2608,,,,,15.65,3.39,2.6,0.0,2.6
Bruna Tomaselli,20,2018,USF2000,Team Pelfrey,15.21,2.2017,-0.57,-0.0591,,,15.08,3.33,2.6,0.0,2.6
Bruna Tomaselli,21,2019,USF2000,Pabst Racing,9.53,2.5553,-5.68,0.3536,,,9.40,3.69,2.6,0.0,2.6
Avery Towns,19,2023,USF2000,Exclusive Autosport,14.73,3.09,,,,,14.60,4.22,18.0,0.0,18.0
Earl Tucker,23,2022,USF Juniors,DC,14.00,3.82,,,,,15.63,5.17,18.0,-13.5,4.5
Alessandro de Tullio,18,2025,USF Pro 2000,Turn 3 Motorsport,6.72,-2.51,,,Yes,,6.72,-2.51,82.6,0.0,82.6
Alessandro de Tullio,15,2022,USF Juniors,Velocity Racing Development,4.14,-0.16,,,Yes,,5.77,1.19,82.6,0.0,82.6
Santiago Urrutia,18,2015,USF Pro 2000,Team Pelfrey,3.69,-1.774,,,Yes,,3.69,-1.77,94.8,0.0,91.6
Reece Ushijima,20,2023,USF Pro 2000,Jay Howard Driver Development,9.45,-2.04,,,,,9.45,-2.04,64.6,0.0,64.6
Kent Vaccaro,19,2021,USF2000,Miller Vinatieri Motorsports,19.35,0.0,,,,,19.22,1.13,30.5,0.0,30.5
Moisés de la Vara,19,2017,USF2000,DEForce Racing,11.7,2.4635,,,,,11.57,3.59,41.3,0.0,41.3
Moisés de la Vara,21,2019,USF Pro 2000,DEForce Racing,9.5,0.5278,,,,,9.50,0.53,41.3,0.0,41.3
Moisés de la Vara,22,2020,USF Pro 2000,DEForce Racing,9.93,1.5091,0.43,0.9813,,,9.93,1.51,41.3,0.0,41.3
Rinus VeeKay,16,2017,USF2000,Pabst Racing,2.5,-1.6012,,,Yes,Yes,2.37,-0.47,98.6,5.0,96.2
Rinus VeeKay,17,2018,USF Pro 2000,Juncos Racing,3.19,-1.2418,0.69,0.3594,Yes,Yes,3.19,-1.24,98.6,1.5,95.0
João Vergara,17,2025,USF Juniors,Velocity Racing Development,6.13,-2.30,-5.37,-3.29,,,7.76,-0.95,43.1,0.0,43.1
João Vergara,16,2024,USF Juniors,Velocity Racing Development,11.50,0.99,,,,,13.13,2.34,43.1,0.0,43.1
Peter Vodanovich,20,2021,USF2000,Jay Howard Driver Development,18.44,-1.175,,,,,18.31,-0.04,38.3,0.0,38.3
Julian van der Watt,20,2018,USF2000,Team Pelfrey,10.36,-2.282,,,,,10.23,-1.15,45.7,0.0,45.7
Christian Weir,15,2022,USF2000,Turn 3 Motorsport,8.94,-0.74,,,,,8.81,0.39,47.6,11.2,58.8
Christian Weir,16,2023,USF Pro 2000,TJ Speed,12.00,3.05,3.06,3.79,,,12.00,3.05,47.6,6.0,53.6
Oliver Wheldon,13,2025,USF Juniors,Velocity Racing Development,8.00,-1.47,,,,,9.63,-0.12,40.8,0.0,40.8
Sebastian Wheldon,15,2024,USF Juniors,Velocity Racing Development,7.06,-2.35,,,,,8.69,-1.00,51.9,0.0,51.9
Devin Wojcik,16,2017,USF2000,ArmsUp Motorsports,11.43,-1.9647,,,,,11.30,-0.83,43.5,5.0,48.5
Kris Wright,23,2018,USF Pro 2000,BN Racing,10.1,3.9413,,,,,10.10,3.94,28.0,0.0,28.0
Luo Yufeng,16,2015,USF2000,Pabst Racing,9.12,4.6734,,,,,8.99,5.80,25.3,5.0,30.3
Luo Yufeng,17,2016,USF2000,Pabst Racing,9.19,0.1732,0.07,-4.5002,,,9.06,1.30,25.3,1.2,26.5
Lirim Zendeli,23,2023,USF Pro 2000,TJ Speed,7.88,-1.39,,,,,7.88,-1.39,69.0,0.0,69.0
Ayla Ågren,21,2015,USF2000,Team Pelfrey,9.38,0.0503,,,,,9.25,1.18,41.8,0.0,41.8
Ayla Ågren,22,2016,USF2000,John Cummiskey Racing,9.83,-2.2433,0.45,-2.2936,,,9.70,-1.11,41.8,0.0,41.8
